Question,Answer
1. What is the goal of the expert in creating exam questions from a given text document?,"The goal of the expert in creating exam questions from a given text document is to assess the students' understanding of the content, their critical thinking skills, and their ability to analyze and interpret the information presented in the text. The expert aims to design questions that challenge the students and evaluate their comprehension and application of the material."
2. How many questions are you asked to create in this task?,"In this task, I am asked to create five questions."
3. What is the target audience for the exam questions being prepared?,I don't have enough information to answer that question.
4. What is the importance of ensuring that no important information is lost in the exam questions?,"Ensuring that no important information is lost in exam questions is crucial because it ensures that the questions accurately assess the knowledge and understanding of the students. If important information is missing, it can lead to confusion, misinterpretation, and unfair evaluation of the students' abilities. Additionally, clear and complete exam questions help students focus on demonstrating their knowledge effectively, leading to a more accurate assessment of their learning outcomes."
5. What type of exams or tests are the questions being prepared for?,I don't have enough information to provide a specific answer to your question. Can you please provide more context or details about the exams or tests you are referring to?
6. How can exam questions help students or programmers prepare for their tests?,"Exam questions can help students or programmers prepare for their tests by providing them with practice in applying their knowledge and skills to solve problems similar to those they will encounter on the actual exam. By practicing with exam-style questions, students can familiarize themselves with the format and types of questions they may face, identify areas where they need to improve, and build confidence in their abilities. Additionally, working through exam questions can help reinforce key concepts and principles, improve problem-solving skills, and enhance overall understanding of the material."
7. What is the expertise of the individual creating the exam questions?,The expertise of the individual creating the exam questions is not specified in the provided context.
8. Why is it important to ask questions based on the text provided?,It is important to ask questions based on the text provided because it helps to ensure that the discussion or conversation stays relevant and focused on the information at hand. Asking questions based on the text also shows that you are actively engaging with the material and seeking a deeper understanding of the content.
9. What is the significance of preparing students or programmers for their exams or coding tests?,"Preparing students or programmers for their exams or coding tests is significant because it helps them to review and reinforce their understanding of the material covered in their courses or programming languages. It also allows them to identify areas where they may need to focus more attention and practice. Additionally, being well-prepared for exams or coding tests can help individuals perform better, boost their confidence, and increase their chances of success in their academic or professional pursuits."
10. How can exam questions aid in assessing the understanding and knowledge of the test takers?,"Exam questions can aid in assessing the understanding and knowledge of test takers by testing their ability to recall information, apply concepts to new situations, analyze and evaluate information, and create solutions to problems. Different types of questions, such as multiple-choice, short answer, essay, and problem-solving questions, can provide a comprehensive assessment of the test takers' understanding and knowledge in various ways. Additionally, the level of difficulty, clarity, and relevance of the questions can also impact how effectively they assess the test takers' understanding and knowledge."
